white,black,result,label,num_moves,checks,captures,avg_legal_moves,check_ratio,capture_ratio
joaozinhogibi,Chevalier97,1-0,Human vs Human (likely),79,11,20,33.20253164556962,0.13924050632911392,0.25316455696202533
Henry2v,ennoviembre,0-1,Human vs Human (likely),94,7,22,32.659574468085104,0.07446808510638298,0.23404255319148937
CHESS2021JULIO,dnegret9,0-1,Human vs Human (likely),78,6,15,36.55128205128205,0.07692307692307693,0.19230769230769232
ProfeAlfredo,jaimecontreras,0-1,Human vs Human (likely),64,2,18,34.21875,0.03125,0.28125
periodistatecno,ReyNegro1980,1-0,Human vs Human (likely),89,5,22,24.43820224719101,0.056179775280898875,0.24719101123595505
Jero_guz,jaimeTorres,0-1,Human vs Human (likely),68,7,14,31.352941176470587,0.10294117647058823,0.20588235294117646
ThiagoRGuerra,GGValenca,0-1,Human vs Human (likely),52,1,9,33.71153846153846,0.019230769230769232,0.17307692307692307
Lhutan,RZAKO,1-0,Human vs Human (likely),17,2,4,28.176470588235293,0.11764705882352941,0.23529411764705882
hiltonjsp,boostyu,0-1,Human vs Human (likely),82,7,21,30.79268292682927,0.08536585365853659,0.25609756097560976
Abeto2,Manch87,0-1,Human vs Human (likely),36,0,8,34.888888888888886,0.0,0.2222222222222222
jairdomingues,NoBoDy-U-Kn0W,1-0,Human vs Human (likely),63,0,17,35.01587301587302,0.0,0.2698412698412698
artogoli,ArteSania,1-0,Human vs Human (likely),59,10,20,28.305084745762713,0.1694915254237288,0.3389830508474576
Faust0503118855,Alfresco_4p,0-1,Human vs Human (likely),76,3,18,34.8421052631579,0.039473684210526314,0.23684210526315788
vben,ezurinh,0-1,Human vs Human (likely),21,0,5,32.523809523809526,0.0,0.23809523809523808
jorelito79,Roedeo,1-0,Human vs Human (likely),97,11,25,26.95876288659794,0.1134020618556701,0.25773195876288657
herrphilippov,GABRIEL_vIeira1998,1-0,Human vs Human (likely),53,3,9,30.962264150943398,0.05660377358490566,0.16981132075471697
mcgrory,vcljavier,1/2-1/2,Human vs Human (likely),93,9,24,22.9247311827957,0.0967741935483871,0.25806451612903225
lightofchildhood,mhmdk,1-0,Human vs Human (likely),99,6,22,26.666666666666668,0.06060606060606061,0.2222222222222222
ionlymovepons,joaomattos,1-0,Human vs Human (likely),109,4,20,27.238532110091743,0.03669724770642202,0.1834862385321101
Louay165,PHK1406,0-1,Human vs Human (likely),45,3,14,30.288888888888888,0.06666666666666667,0.3111111111111111
Qwicen,rabona07,1-0,Human vs Human (likely),71,1,19,32.521126760563384,0.014084507042253521,0.2676056338028169
kbisfortheweak,Malleusmaleficarum,0-1,Human vs Human (likely),58,3,22,26.29310344827586,0.05172413793103448,0.3793103448275862
Livean,cecase,0-1,Human vs Human (likely),112,9,22,27.705357142857142,0.08035714285714286,0.19642857142857142
ahmed150300,janmady,1/2-1/2,Human vs Human (likely),139,11,29,20.719424460431654,0.07913669064748201,0.20863309352517986
Trinichessplayr,gallojuan,0-1,Human vs Human (likely),70,2,12,33.18571428571428,0.02857142857142857,0.17142857142857143
faraon44,LAMS2300,0-1,Human vs Human (likely),98,6,25,22.836734693877553,0.061224489795918366,0.25510204081632654
MrDuncan2020,Stop_Go,0-1,Human vs Human (likely),58,1,10,33.62068965517241,0.017241379310344827,0.1724137931034483
smallfriend,Cr_AKL,0-1,Human vs Human (likely),52,7,14,26.51923076923077,0.1346153846153846,0.2692307692307692
Farhad_TT,pgdossantosf,1-0,Human vs Human (likely),59,3,18,27.508474576271187,0.05084745762711865,0.3050847457627119
WSB11,Gatrwh5,0-1,Human vs Human (likely),74,6,25,25.68918918918919,0.08108108108108109,0.33783783783783783
mas_77,annatlrp,1-0,Human vs Human (likely),13,0,1,28.153846153846153,0.0,0.07692307692307693
Hassan210,Fly77,1-0,Human vs Human (likely),35,1,13,31.085714285714285,0.02857142857142857,0.37142857142857144
rohanvichare,matesaregreat,0-1,Human vs Human (likely),80,12,17,26.3875,0.15,0.2125
LucasFBS_05,NkabirwaJulius,1-0,Human vs Human (likely),44,1,15,30.90909090909091,0.022727272727272728,0.3409090909090909
thekingqueen67,AbdulR1994,1-0,Human vs Human (likely),20,2,6,27.25,0.1,0.3
swappybird,Fouad11lamrini,1-0,Human vs Human (likely),99,7,22,27.09090909090909,0.0707070707070707,0.2222222222222222
chulohulo,PaulohmChess,0-1,Human vs Human (likely),80,2,19,31.4125,0.025,0.2375
TastyChess,lance-a-lot,1-0,Human vs Human (likely),81,3,20,28.506172839506174,0.037037037037037035,0.24691358024691357
Falekine,Rezajack,0-1,Human vs Human (likely),58,0,18,30.20689655172414,0.0,0.3103448275862069
jasmilthan,mannerboy,1-0,Human vs Human (likely),15,0,1,27.533333333333335,0.0,0.06666666666666667
Nma12,Maranhakadoshh,1-0,Human vs Human (likely),105,7,25,22.247619047619047,0.06666666666666667,0.23809523809523808
mkbal72,radira15,0-1,Human vs Human (likely),132,11,24,27.848484848484848,0.08333333333333333,0.18181818181818182
HectorGGM,liCashol3X,1-0,Human vs Human (likely),47,0,10,33.5531914893617,0.0,0.2127659574468085
Diablo36,The_Hoverboard,1-0,Human vs Human (likely),81,5,17,29.209876543209877,0.06172839506172839,0.20987654320987653
bananabae,huang11,1-0,Human vs Human (likely),111,16,26,22.585585585585587,0.14414414414414414,0.23423423423423423
BigWinkey-Inyourstin,horaclito,1-0,Human vs Human (likely),67,3,18,33.1044776119403,0.04477611940298507,0.26865671641791045
TAREK_OTHMAN,XizAhk,0-1,Human vs Human (likely),62,1,15,33.46774193548387,0.016129032258064516,0.24193548387096775
Astra81,JoseMabini,1-0,Human vs Human (likely),47,0,11,35.787234042553195,0.0,0.23404255319148937
TortaPounder06,NEPTUNEGTR,1-0,Human vs Human (likely),39,1,8,34.333333333333336,0.02564102564102564,0.20512820512820512
NDanger93,rhirsh,0-1,Human vs Human (likely),84,6,18,30.226190476190474,0.07142857142857142,0.21428571428571427
nubihar,Ewanma,0-1,Human vs Human (likely),90,2,20,28.91111111111111,0.022222222222222223,0.2222222222222222
blunderman666420,jmoonitz,1-0,Human vs Human (likely),5,0,1,24.2,0.0,0.2
KingMaxxxxx,kjhack62,0-1,Human vs Human (likely),62,2,14,32.725806451612904,0.03225806451612903,0.22580645161290322
Celestial_Emissary,junebakos,1-0,Human vs Human (likely),37,4,10,34.432432432432435,0.10810810810810811,0.2702702702702703
schreubchen,bkalqenaei,0-1,Human vs Human (likely),82,7,23,25.109756097560975,0.08536585365853659,0.2804878048780488
TWK12334,Omraaum,0-1,Human vs Human (likely),118,9,27,23.73728813559322,0.07627118644067797,0.2288135593220339
gergezi,jsequera,1-0,Human vs Human (likely),89,5,23,32.40449438202247,0.056179775280898875,0.25842696629213485
ReyCebador,Fluxieur,1-0,Human vs Human (likely),31,0,5,34.935483870967744,0.0,0.16129032258064516
novelnora,nizarqananwah1,0-1,Human vs Human (likely),84,11,23,27.404761904761905,0.13095238095238096,0.27380952380952384
Tiggeronvrb,ahmedGoG,1-0,Human vs Human (likely),35,2,7,33.4,0.05714285714285714,0.2
nooboy,princess_elfa,1-0,Human vs Human (likely),41,3,11,31.24390243902439,0.07317073170731707,0.2682926829268293
MO7_SY,InfiniteFlash,1-0,Human vs Human (likely),59,7,15,33.152542372881356,0.11864406779661017,0.2542372881355932
Guram48,adi_12,0-1,Human vs Human (likely),30,2,11,36.13333333333333,0.06666666666666667,0.36666666666666664
pres_prot,MemeCulture,1-0,Human vs Human (likely),93,14,20,30.247311827956988,0.15053763440860216,0.21505376344086022
docferleo1,GrandTheftAuto69_420,0-1,Human vs Human (likely),60,3,20,28.133333333333333,0.05,0.3333333333333333
brgs98,Smirnova22rus,0-1,Human vs Human (likely),120,7,27,26.916666666666668,0.058333333333333334,0.225
Boris1952,Muhammadasaf,0-1,Human vs Human (likely),60,6,15,35.016666666666666,0.1,0.25
Jaquemate223,degaullema,1-0,Human vs Human (likely),57,3,12,34.333333333333336,0.05263157894736842,0.21052631578947367
ABYALI,DashMervin,1-0,Human vs Human (likely),23,1,5,31.17391304347826,0.043478260869565216,0.21739130434782608
Robineux,AllBass3aby,1-0,Human vs Human (likely),85,8,22,27.51764705882353,0.09411764705882353,0.25882352941176473
mannylenio1971,El_Turcoamerindio,1-0,Human vs Human (likely),143,3,24,28.965034965034967,0.02097902097902098,0.16783216783216784
buriburun,dmanweysabi,0-1,Human vs Human (likely),32,1,7,33.53125,0.03125,0.21875
libra_1988,nandoageu,1-0,Human vs Human (likely),77,7,18,32.25974025974026,0.09090909090909091,0.23376623376623376
DineshMadhav,awful_evil,0-1,Human vs Human (likely),44,8,10,31.863636363636363,0.18181818181818182,0.22727272727272727
farhad357,moored,0-1,Human vs Human (likely),58,0,11,35.706896551724135,0.0,0.1896551724137931
dpchss27,mission93,0-1,Human vs Human (likely),35,0,7,34.82857142857143,0.0,0.2
playerryy,MontagueT,0-1,Human vs Human (likely),70,13,14,31.4,0.18571428571428572,0.2
jaferRS,jair54321,1-0,Human vs Human (likely),57,1,18,37.35087719298246,0.017543859649122806,0.3157894736842105
ThorfinnThorsson,agdao,1-0,Human vs Human (likely),19,2,8,26.42105263157895,0.10526315789473684,0.42105263157894735
hanklod,Mgoorl1,1-0,Human vs Human (likely),71,2,12,33.056338028169016,0.028169014084507043,0.16901408450704225
juancarro,Toquinhott,0-1,Human vs Human (likely),66,0,15,36.121212121212125,0.0,0.22727272727272727
cucu35,androth138,1-0,Human vs Human (likely),23,0,4,32.21739130434783,0.0,0.17391304347826086
ChuecoMaciel,dark_sky002,1-0,Human vs Human (likely),47,4,16,31.27659574468085,0.0851063829787234,0.3404255319148936
tarkaswipard,muyuyuy13,0-1,Human vs Human (likely),42,2,12,33.095238095238095,0.047619047619047616,0.2857142857142857
LaymeSebastian,LongLifetotheKing,0-1,Human vs Human (likely),116,4,29,22.96551724137931,0.034482758620689655,0.25
stirnermax,nelida_duenas955,0-1,Human vs Human (likely),70,2,17,30.228571428571428,0.02857142857142857,0.24285714285714285
Nico-Caballero23,Emanumartins77,0-1,Human vs Human (likely),110,11,22,22.59090909090909,0.1,0.2
usagiwizard,AtimoDD,1-0,Human vs Human (likely),21,0,3,31.904761904761905,0.0,0.14285714285714285
Lembke406,JFDRR,1-0,Human vs Human (likely),111,12,22,29.01801801801802,0.10810810810810811,0.1981981981981982
Rurushu_Lamperouge,AdelAzaz,0-1,Human vs Human (likely),88,5,18,28.90909090909091,0.056818181818181816,0.20454545454545456
zukertort500,Santome_4,1-0,Human vs Human (likely),63,2,13,31.841269841269842,0.031746031746031744,0.20634920634920634
KingOfZina,capogali,0-1,Human vs Human (likely),37,0,5,35.432432432432435,0.0,0.13513513513513514
ScarSnipe_25,imbrusque,0-1,Human vs Human (likely),46,1,12,33.369565217391305,0.021739130434782608,0.2608695652173913
jdbchess24,Malo101,1-0,Human vs Human (likely),65,4,12,31.523076923076925,0.06153846153846154,0.18461538461538463
Wleddiyab24,alihaydar23,0-1,Human vs Human (likely),76,5,20,29.723684210526315,0.06578947368421052,0.2631578947368421
Ricardof07,SoyDiegoAlejo,0-1,Human vs Human (likely),61,6,14,33.16393442622951,0.09836065573770492,0.22950819672131148
KamalEssa,t4fast,1-0,Human vs Human (likely),69,13,15,28.333333333333332,0.18840579710144928,0.21739130434782608
Alexkimlove,Guille0589,1-0,Human vs Human (likely),49,1,9,32.795918367346935,0.02040816326530612,0.1836734693877551
wattstae,calletal,0-1,Human vs Human (likely),104,12,22,28.807692307692307,0.11538461538461539,0.21153846153846154
AnonymousHunter,casachessadel,1-0,Human vs Human (likely),47,2,6,31.148936170212767,0.0425531914893617,0.1276595744680851
dky99,Bellators,0-1,Human vs Human (likely),72,3,18,33.77777777777778,0.041666666666666664,0.25
Benoit_C,apoapox,0-1,Human vs Human (likely),64,3,17,35.109375,0.046875,0.265625
abdosalah1994,gonzo147,1-0,Human vs Human (likely),93,11,24,22.795698924731184,0.11827956989247312,0.25806451612903225
Olavim,kwpc,1-0,Human vs Human (likely),79,3,24,23.962025316455698,0.0379746835443038,0.3037974683544304
Daddy_Pol_Climber,mozdayi,0-1,Human vs Human (likely),52,4,14,34.23076923076923,0.07692307692307693,0.2692307692307692
Venovadi,Iriartin,0-1,Human vs Human (likely),48,1,6,34.375,0.020833333333333332,0.125
chesser357,buff_santa,0-1,Human vs Human (likely),134,7,26,22.41044776119403,0.05223880597014925,0.19402985074626866
Rogeriano,seagullnono,1-0,Human vs Human (likely),97,20,20,27.49484536082474,0.20618556701030927,0.20618556701030927
cabialea2,aprado,1-0,Human vs Human (likely),49,3,17,31.551020408163264,0.061224489795918366,0.3469387755102041
eptargueta,Ky-Mani,1-0,Human vs Human (likely),77,6,16,28.766233766233768,0.07792207792207792,0.2077922077922078
Rafitabejita,alazonas,0-1,Human vs Human (likely),82,6,22,31.097560975609756,0.07317073170731707,0.2682926829268293
Ahmed_Real,cUl8rW4U,1-0,Human vs Human (likely),59,1,13,36.83050847457627,0.01694915254237288,0.22033898305084745
checkadoodle,kabashi,0-1,Human vs Human (likely),44,2,8,33.11363636363637,0.045454545454545456,0.18181818181818182
talentoxyz,LibyanTreaker,0-1,Human vs Human (likely),82,6,24,31.146341463414632,0.07317073170731707,0.2926829268292683
albertdiaz,Mark0929,0-1,Human vs Human (likely),54,3,11,32.46296296296296,0.05555555555555555,0.2037037037037037
onebert,RobertNozick,0-1,Human vs Human (likely),50,0,7,35.54,0.0,0.14
luisestebann,ezterkigyo,0-1,Human vs Human (likely),68,7,18,33.35294117647059,0.10294117647058823,0.2647058823529412
sniper007,Raulexfogo,0-1,Human vs Human (likely),60,0,12,37.8,0.0,0.2
direfolw,KEKWait23,1-0,Human vs Human (likely),21,0,7,28.714285714285715,0.0,0.3333333333333333
SaMmyy34,snufkin44,1-0,Human vs Human (likely),39,3,13,31.82051282051282,0.07692307692307693,0.3333333333333333
Juanmanuel_69,psiyar,1-0,Human vs Human (likely),83,8,19,35.963855421686745,0.0963855421686747,0.2289156626506024
myescape1,Cale4815,0-1,Human vs Human (likely),96,1,24,32.958333333333336,0.010416666666666666,0.25
vollcuss,KobaMaster,1-0,Human vs Human (likely),115,12,26,22.31304347826087,0.10434782608695652,0.22608695652173913
ZyroShirleyBlair,hollandpault,1-0,Human vs Human (likely),45,1,13,37.17777777777778,0.022222222222222223,0.28888888888888886
huntic6,just2fat4ya,1-0,Human vs Human (likely),17,0,6,32.64705882352941,0.0,0.35294117647058826
Enmanuel091,AltTomasz,1-0,Human vs Human (likely),63,3,18,34.095238095238095,0.047619047619047616,0.2857142857142857
Josejose64,Manolete111,1-0,Human vs Human (likely),39,1,9,34.58974358974359,0.02564102564102564,0.23076923076923078
BoedoBeast,E13579,0-1,Human vs Human (likely),68,8,19,28.264705882352942,0.11764705882352941,0.27941176470588236
NotReadyForYou,taghchess,0-1,Human vs Human (likely),72,2,13,33.208333333333336,0.027777777777777776,0.18055555555555555
almafer52,BlacK1066,1-0,Human vs Human (likely),61,3,15,30.57377049180328,0.04918032786885246,0.2459016393442623
w1chessboy9,Alduguer,0-1,Human vs Human (likely),34,0,7,31.0,0.0,0.20588235294117646
Bilal_342434,Pickleballer,1-0,Human vs Human (likely),33,1,7,36.878787878787875,0.030303030303030304,0.21212121212121213
btrprac,ODS3,1-0,Human vs Human (likely),67,3,21,27.134328358208954,0.04477611940298507,0.31343283582089554
Alexandr_A,Neitsromram,1/2-1/2,Human vs Human (likely),112,5,29,21.839285714285715,0.044642857142857144,0.25892857142857145
institutano,PALT1TA,1-0,Human vs Human (likely),35,0,9,32.34285714285714,0.0,0.2571428571428571
Ilyabuhtiyarov,Keep_calm305,1-0,Human vs Human (likely),129,8,24,29.17829457364341,0.06201550387596899,0.18604651162790697
Blackwarriors,Sinai7,1-0,Human vs Human (likely),155,11,27,17.916129032258066,0.07096774193548387,0.17419354838709677
cheese22monster,cortescarmona,1-0,Human vs Human (likely),75,1,12,36.12,0.013333333333333334,0.16
Neocon,jfaust64,1-0,Human vs Human (likely),123,7,24,29.357723577235774,0.056910569105691054,0.1951219512195122
K9Basty94,frozenchicken99,0-1,Human vs Human (likely),84,7,24,29.30952380952381,0.08333333333333333,0.2857142857142857
Lawski2020,MaloperoGano,0-1,Human vs Human (likely),66,0,21,33.13636363636363,0.0,0.3181818181818182
papapaulo100,aperitivo,1-0,Human vs Human (likely),57,0,15,38.73684210526316,0.0,0.2631578947368421
rodrigoribeiro_71,eduardo0827,0-1,Human vs Human (likely),42,1,9,35.333333333333336,0.023809523809523808,0.21428571428571427
Shabem10,CHESSANGELPRAYER,0-1,Human vs Human (likely),14,0,1,29.428571428571427,0.0,0.07142857142857142
ismaelbimladen,Delmjo,1/2-1/2,Human vs Human (likely),100,6,30,23.13,0.06,0.3
Nomade1973,stroberwav,0-1,Human vs Human (likely),74,3,15,35.36486486486486,0.04054054054054054,0.20270270270270271
paulodacuz,jesusdabidhoneani3l,0-1,Human vs Human (likely),132,5,24,24.234848484848484,0.03787878787878788,0.18181818181818182
Valeriuccio,Tironi,1-0,Human vs Human (likely),35,1,11,32.542857142857144,0.02857142857142857,0.3142857142857143
retilente,parsa5115,1-0,Human vs Human (likely),77,4,17,34.298701298701296,0.05194805194805195,0.22077922077922077
Ainruk,Ra4egar,1-0,Human vs Human (likely),39,1,8,33.05128205128205,0.02564102564102564,0.20512820512820512
AbderrahimAzizi,Orbitsun,1-0,Human vs Human (likely),49,1,10,31.979591836734695,0.02040816326530612,0.20408163265306123
Megadeth1313,rooktoking8,0-1,Human vs Human (likely),44,0,10,35.20454545454545,0.0,0.22727272727272727
runner55,Ekundy,1-0,Human vs Human (likely),49,4,9,30.816326530612244,0.08163265306122448,0.1836734693877551
Inductivo2025,FelipeMariz,1-0,Human vs Human (likely),63,0,18,32.95238095238095,0.0,0.2857142857142857
Dragon898,esbigborja,0-1,Human vs Human (likely),58,3,17,29.155172413793103,0.05172413793103448,0.29310344827586204
ChessPlayer_32,GeekingKing,0-1,Human vs Human (likely),74,2,17,25.405405405405407,0.02702702702702703,0.22972972972972974
narkizzz,MedHANSH14,1-0,Human vs Human (likely),119,2,27,28.647058823529413,0.01680672268907563,0.226890756302521
jr0307,THEPERSPECTIVE001,0-1,Human vs Human (likely),0,0,0,0.0,0.0,0.0
AngelaEscalera_2STA,Johnalex8,0-1,Human vs Human (likely),72,9,17,29.625,0.125,0.2361111111111111
wargarment,SAYRI47,0-1,Human vs Human (likely),54,2,13,27.87037037037037,0.037037037037037035,0.24074074074074073
jenik0,Milaju,1-0,Human vs Human (likely),95,17,22,26.821052631578947,0.17894736842105263,0.23157894736842105
ElkinAndrsde,mobetter,1-0,Human vs Human (likely),60,2,19,31.2,0.03333333333333333,0.31666666666666665
Drednuz,M1arcelo2,1-0,Human vs Human (likely),33,2,10,30.424242424242426,0.06060606060606061,0.30303030303030304
yurinalex,jovajova,0-1,Human vs Human (likely),86,0,20,29.848837209302324,0.0,0.23255813953488372
Mfundisimaster,mintithegreat,0-1,Human vs Human (likely),66,1,16,37.59090909090909,0.015151515151515152,0.24242424242424243
sasathe7th,abzha,0-1,Human vs Human (likely),74,2,16,34.567567567567565,0.02702702702702703,0.21621621621621623
fa610,Mk_fada,0-1,Human vs Human (likely),114,5,16,25.63157894736842,0.043859649122807015,0.14035087719298245
zbig4,idit_ccn,1-0,Human vs Human (likely),49,2,9,35.93877551020408,0.04081632653061224,0.1836734693877551
THB22,Jimmysheffield,1-0,Human vs Human (likely),31,0,6,32.32258064516129,0.0,0.1935483870967742
Johnasbr1,Mkhonta,1-0,Human vs Human (likely),47,4,13,33.4468085106383,0.0851063829787234,0.2765957446808511
RookaTook,airedwin,1-0,Human vs Human (likely),49,6,14,30.612244897959183,0.12244897959183673,0.2857142857142857
CaballoTorre,Jlcologni,0-1,Human vs Human (likely),60,1,13,36.916666666666664,0.016666666666666666,0.21666666666666667
BigMoAb,Elly_indrastono,1-0,Human vs Human (likely),65,5,16,33.83076923076923,0.07692307692307693,0.24615384615384617
pim961,lulo64,0-1,Human vs Human (likely),72,10,17,26.0,0.1388888888888889,0.2361111111111111
Cheerzby,AZahura,1-0,Human vs Human (likely),25,0,5,31.88,0.0,0.2
szczepan13,donkaue,0-1,Human vs Human (likely),52,1,19,36.86538461538461,0.019230769230769232,0.36538461538461536
PlaySafeTradeQueens,edwinabucay,0-1,Human vs Human (likely),42,0,10,36.095238095238095,0.0,0.23809523809523808
Jaime_bravo,Jesscalimag,0-1,Human vs Human (likely),78,1,20,28.44871794871795,0.01282051282051282,0.2564102564102564
wahyuDyan95,Derkessel,0-1,Human vs Human (likely),29,0,4,34.310344827586206,0.0,0.13793103448275862
SAYAH_ES100,guitarchris3,1-0,Human vs Human (likely),79,4,14,34.54430379746835,0.05063291139240506,0.17721518987341772
AssenGever,SDK_UB,1-0,Human vs Human (likely),45,1,15,33.46666666666667,0.022222222222222223,0.3333333333333333
nicolaszz,fischerstein,1-0,Human vs Human (likely),83,4,19,32.734939759036145,0.04819277108433735,0.2289156626506024
cgalvez2019,Alex_Alexander07,1/2-1/2,Human vs Human (likely),123,6,29,19.15447154471545,0.04878048780487805,0.23577235772357724
DrDreadnought,JulioAvellaneda,0-1,Human vs Human (likely),74,3,22,25.5,0.04054054054054054,0.2972972972972973
Emilio-Alderete,Asaad_alaa,1-0,Human vs Human (likely),49,3,14,28.387755102040817,0.061224489795918366,0.2857142857142857
vadimalfridovich,BeerCheeseGuy,0-1,Human vs Human (likely),40,3,16,36.175,0.075,0.4
PassedPawn222,pnm456,1-0,Human vs Human (likely),47,8,11,29.638297872340427,0.1702127659574468,0.23404255319148937
jmoonitz,franfalis,0-1,Human vs Human (likely),12,0,3,29.666666666666668,0.0,0.25
cesarstaudt,mastermike,1-0,Human vs Human (likely),51,6,11,28.529411764705884,0.11764705882352941,0.21568627450980393
dakojena2022,FatalBomberrr,0-1,Human vs Human (likely),70,12,20,27.314285714285713,0.17142857142857143,0.2857142857142857
rlfs,NagaiKei,0-1,Human vs Human (likely),108,5,26,28.574074074074073,0.046296296296296294,0.24074074074074073
rupi123,Alpha_Republic,1-0,Human vs Human (likely),61,2,15,34.59016393442623,0.03278688524590164,0.2459016393442623
chessiszen2018,Agucho25,1-0,Human vs Human (likely),81,6,22,31.80246913580247,0.07407407407407407,0.2716049382716049
omarchess1987,dineshNG,0-1,Human vs Human (likely),80,2,20,29.125,0.025,0.25
Agonb21,Arielchezz77,1-0,Human vs Human (likely),77,6,19,32.51948051948052,0.07792207792207792,0.24675324675324675
SugarMagnolia,Luaksanops,0-1,Human vs Human (likely),70,3,19,34.957142857142856,0.04285714285714286,0.2714285714285714
Bycer,roaringknight,1-0,Human vs Human (likely),7,0,1,26.285714285714285,0.0,0.14285714285714285
Mefisto217,dralinma,1-0,Human vs Human (likely),43,1,13,37.604651162790695,0.023255813953488372,0.3023255813953488
EstrategiaMagistral,moisesjsc123,1-0,Human vs Human (likely),47,1,13,36.61702127659574,0.02127659574468085,0.2765957446808511
hot_yoghurt,Ankrav21,1-0,Human vs Human (likely),101,4,25,29.99009900990099,0.039603960396039604,0.24752475247524752
KaleabChess,das1320,0-1,Human vs Human (likely),59,12,21,31.033898305084747,0.2033898305084746,0.3559322033898305
ewen34,c-a-i-i-e-k,0-1,Human vs Human (likely),116,9,28,23.017241379310345,0.07758620689655173,0.2413793103448276
Mostafa_Taha1972,bsampietro,0-1,Human vs Human (likely),74,5,24,32.689189189189186,0.06756756756756757,0.32432432432432434
knightmare2025,vbarajasn,1-0,Human vs Human (likely),67,10,14,33.059701492537314,0.14925373134328357,0.208955223880597
castrovsky,dakert111,1-0,Human vs Human (likely),83,9,23,23.216867469879517,0.10843373493975904,0.27710843373493976
Solrak2022,Lopicno,1-0,Human vs Human (likely),47,0,15,35.12765957446808,0.0,0.3191489361702128
katovik,ClassyChester,0-1,Human vs Human (likely),56,1,22,25.625,0.017857142857142856,0.39285714285714285
Fyrvaktarn,Ronnieweasley,0-1,Human vs Human (likely),97,3,24,25.742268041237114,0.030927835051546393,0.24742268041237114
Bluesdad,Paolooo,0-1,Human vs Human (likely),38,4,13,29.789473684210527,0.10526315789473684,0.34210526315789475
NoheaA,marcopation,0-1,Human vs Human (likely),28,1,8,31.142857142857142,0.03571428571428571,0.2857142857142857
brodage,igrok112,0-1,Human vs Human (likely),60,2,12,33.9,0.03333333333333333,0.2
Hazor7,movieles,1-0,Human vs Human (likely),87,2,20,29.770114942528735,0.022988505747126436,0.22988505747126436
sleepydan69,kcatsoo,0-1,Human vs Human (likely),126,8,28,22.928571428571427,0.06349206349206349,0.2222222222222222
Leojosuetoledo,pergamino8,1-0,Human vs Human (likely),79,2,22,31.253164556962027,0.02531645569620253,0.27848101265822783
emilyyang,howareyoudoing84,1-0,Human vs Human (likely),135,11,28,20.57037037037037,0.08148148148148149,0.2074074074074074
FARAON107,pabloka,0-1,Human vs Human (likely),52,2,14,31.75,0.038461538461538464,0.2692307692307692
Cero_a_la_izquierda,engvampir,1-0,Human vs Human (likely),53,4,16,31.37735849056604,0.07547169811320754,0.3018867924528302
robertacostasiqueira,Yenzen,0-1,Human vs Human (likely),58,1,18,35.43103448275862,0.017241379310344827,0.3103448275862069
oscar9409,Vedanshreddy_2016,1-0,Human vs Human (likely),50,0,8,32.02,0.0,0.16
thesuppsg,coffebeancat,1-0,Human vs Human (likely),1,0,0,20.0,0.0,0.0
Anthurium2,bravity_g,0-1,Human vs Human (likely),110,14,25,26.045454545454547,0.12727272727272726,0.22727272727272727
vqb,Sahas1234,1-0,Human vs Human (likely),25,3,5,27.32,0.12,0.2
Daniel_Markem,Nahuelwin,0-1,Human vs Human (likely),8,0,1,29.0,0.0,0.125
Ksen_Sergey2018,erdelutaiz1,1-0,Human vs Human (likely),73,8,22,25.315068493150687,0.1095890410958904,0.3013698630136986
yJose,JoeCassini,1-0,Human vs Human (likely),39,0,10,32.97435897435897,0.0,0.2564102564102564
Fustelman,Tibia1988,0-1,Human vs Human (likely),40,1,14,31.3,0.025,0.35
samcgupta,JoeJaquez,1-0,Human vs Human (likely),78,5,19,30.653846153846153,0.0641025641025641,0.24358974358974358
ilievivanbg,naruto0103,1-0,Human vs Human (likely),29,1,10,35.03448275862069,0.034482758620689655,0.3448275862068966
loehut07,Samm2018,1-0,Human vs Human (likely),33,3,9,30.636363636363637,0.09090909090909091,0.2727272727272727
SoiAjo,cristhiancachicatari,1-0,Human vs Human (likely),139,25,27,21.690647482014388,0.17985611510791366,0.19424460431654678
U2300,Edwin2108,0-1,Human vs Human (likely),0,0,0,0.0,0.0,0.0
Agrex1,ARATA_WATA,0-1,Human vs Human (likely),80,2,20,31.9375,0.025,0.25
Saraga-akal12,abdullahulama,0-1,Human vs Human (likely),52,0,11,35.28846153846154,0.0,0.21153846153846154
XadrezDinelly,BIELzin_finin,1-0,Human vs Human (likely),93,1,15,32.1505376344086,0.010752688172043012,0.16129032258064516
Gualter_Xpga,borsi79,1-0,Human vs Human (likely),53,6,14,30.50943396226415,0.11320754716981132,0.2641509433962264
lindo987,rolandobrazil,0-1,Human vs Human (likely),84,9,18,24.642857142857142,0.10714285714285714,0.21428571428571427
Chidum,Blunderer2000,1-0,Human vs Human (likely),45,2,18,32.666666666666664,0.044444444444444446,0.4
Navarro50,MazeOrBowie,0-1,Human vs Human (likely),58,4,16,31.46551724137931,0.06896551724137931,0.27586206896551724
Sokol20,iz63,1-0,Human vs Human (likely),47,0,6,34.765957446808514,0.0,0.1276595744680851
amine-dz,Awildanzieri1,1-0,Human vs Human (likely),91,7,20,32.18681318681319,0.07692307692307693,0.21978021978021978
luivar123,ASKCHESS,0-1,Human vs Human (likely),60,2,16,36.75,0.03333333333333333,0.26666666666666666
Yeto1403,Sartascn,1-0,Human vs Human (likely),65,1,16,34.784615384615385,0.015384615384615385,0.24615384615384617
AgingAimlessly,ZgemboAdislic,1-0,Human vs Human (likely),75,0,21,28.773333333333333,0.0,0.28
Santi1982,med_bilel,1-0,Human vs Human (likely),81,2,20,35.32098765432099,0.024691358024691357,0.24691358024691357
clairesusername,Piersonbe,1/2-1/2,Human vs Human (likely),144,25,23,21.02777777777778,0.1736111111111111,0.1597222222222222
GXZ1,Chuthuzu,0-1,Human vs Human (likely),54,4,16,35.68518518518518,0.07407407407407407,0.2962962962962963
Avan2022,LDNR,1-0,Human vs Human (likely),31,1,4,31.967741935483872,0.03225806451612903,0.12903225806451613
Suisse_Cheese,jer1cho15,0-1,Human vs Human (likely),96,10,27,22.666666666666668,0.10416666666666667,0.28125
jona-2011,yefealvaro,0-1,Human vs Human (likely),74,6,18,25.7027027027027,0.08108108108108109,0.24324324324324326
AnishPV,yohane22,0-1,Human vs Human (likely),50,0,14,36.58,0.0,0.28
Edsonp48,zepulga,0-1,Human vs Human (likely),99,4,20,30.535353535353536,0.04040404040404041,0.20202020202020202
Slimfinger,ManuelRojasChirino,0-1,Human vs Human (likely),70,1,16,32.41428571428571,0.014285714285714285,0.22857142857142856
Abdullah923,ponose,0-1,Human vs Human (likely),46,2,11,31.869565217391305,0.043478260869565216,0.2391304347826087
ElAlfilDistraido,Morfischer,0-1,Human vs Human (likely),50,2,12,29.8,0.04,0.24
Pakapawa708,Andrei-Z21,1-0,Human vs Human (likely),91,6,23,32.73626373626374,0.06593406593406594,0.25274725274725274
davesalva007,mr_dd_41,0-1,Human vs Human (likely),66,2,18,32.31818181818182,0.030303030303030304,0.2727272727272727
josephpalacio,CesGensLaII,1-0,Human vs Human (likely),37,3,13,27.56756756756757,0.08108108108108109,0.35135135135135137
GambitoHulk,lazarus_4563,1-0,Human vs Human (likely),18,1,1,31.333333333333332,0.05555555555555555,0.05555555555555555
denhviteridderen,kar4mba,1-0,Human vs Human (likely),75,12,22,30.0,0.16,0.29333333333333333
CARIBEDELITORAL82,mrFokker,1-0,Human vs Human (likely),71,2,15,33.12676056338028,0.028169014084507043,0.2112676056338028
TheParmak,cowboarches37,1-0,Human vs Human (likely),57,2,17,33.578947368421055,0.03508771929824561,0.2982456140350877
RobEisler,DisconnectedPlayer,0-1,Human vs Human (likely),142,31,25,24.338028169014084,0.21830985915492956,0.176056338028169
AAATMO,Angelehnt,1-0,Human vs Human (likely),55,1,15,35.38181818181818,0.01818181818181818,0.2727272727272727
Cetekchess,ElApacheAldo,0-1,Human vs Human (likely),72,8,18,24.34722222222222,0.1111111111111111,0.25
Gale11,Reti_Fighter,1-0,Human vs Human (likely),67,8,15,33.59701492537314,0.11940298507462686,0.22388059701492538
sologica1,sgalzin,0-1,Human vs Human (likely),28,1,7,29.821428571428573,0.03571428571428571,0.25
ETDA_Sebas,abelnerida,0-1,Human vs Human (likely),68,12,21,27.514705882352942,0.17647058823529413,0.3088235294117647
AdrianoETDA1,RodrigoETDA,1-0,Human vs Human (likely),43,1,16,31.813953488372093,0.023255813953488372,0.37209302325581395
ETDAKeith,JhoanaETDA,0-1,Human vs Human (likely),12,1,2,27.916666666666668,0.08333333333333333,0.16666666666666666
Franciscoblanquin,Oswaldoblanquin,1-0,Human vs Human (likely),53,14,9,24.28301886792453,0.2641509433962264,0.16981132075471697
Ebrahim722h,amalmatthewkc,1-0,Human vs Human (likely),65,5,13,32.95384615384615,0.07692307692307693,0.2
ggdgdg,Spartako,1-0,Human vs Human (likely),45,3,16,29.68888888888889,0.06666666666666667,0.35555555555555557
maggul25,Topgunlondon,0-1,Human vs Human (likely),100,7,21,26.84,0.07,0.21
squinteros,Gaz-to-SHazz,1-0,Human vs Human (likely),65,4,16,35.246153846153845,0.06153846153846154,0.24615384615384617
Dyzrog,leiman111,0-1,Human vs Human (likely),51,0,13,34.11764705882353,0.0,0.2549019607843137
Caustic87,basecamp720,0-1,Human vs Human (likely),58,3,19,31.844827586206897,0.05172413793103448,0.3275862068965517
sanj123456,Mijeho,1-0,Human vs Human (likely),15,0,5,35.333333333333336,0.0,0.3333333333333333
jaquepapito,AliAslan2013,1-0,Human vs Human (likely),49,0,9,34.44897959183673,0.0,0.1836734693877551
TheSeventeen,zubualves,0-1,Human vs Human (likely),46,0,10,35.391304347826086,0.0,0.21739130434782608
cabrasdemontes,Gamyck,1-0,Human vs Human (likely),67,6,18,29.970149253731343,0.08955223880597014,0.26865671641791045
Tttnnnaaa,Mariupolec,1-0,Human vs Human (likely),73,8,19,28.82191780821918,0.1095890410958904,0.2602739726027397
mohibbie,apoyosss22,1-0,Human vs Human (likely),83,5,25,25.987951807228917,0.060240963855421686,0.30120481927710846
certificates,ColumbiaChessClub,1-0,Human vs Human (likely),71,5,16,26.591549295774648,0.07042253521126761,0.22535211267605634
tsarcastic,Rekcom,0-1,Human vs Human (likely),28,2,7,32.67857142857143,0.07142857142857142,0.25
Aiden-9040,oncemidzy,1-0,Human vs Human (likely),73,1,17,34.6986301369863,0.0136986301369863,0.2328767123287671
yuan03,GastonCampos12,1-0,Human vs Human (likely),111,7,26,24.43243243243243,0.06306306306306306,0.23423423423423423
GonzaloIbarra,Habzors,0-1,Human vs Human (likely),60,5,16,33.05,0.08333333333333333,0.26666666666666666
emad1997,abuk_oblom,1-0,Human vs Human (likely),31,0,5,30.64516129032258,0.0,0.16129032258064516
Blackking164,cursw,1-0,Human vs Human (likely),11,0,1,29.818181818181817,0.0,0.09090909090909091
mateussalmeida1,Dannyel01,1-0,Human vs Human (likely),43,1,12,32.372093023255815,0.023255813953488372,0.27906976744186046
heronmaster,parsa140,1-0,Human vs Human (likely),71,4,19,30.549295774647888,0.056338028169014086,0.2676056338028169
Vikings00,Wizzy_j,1-0,Human vs Human (likely),79,8,20,27.481012658227847,0.10126582278481013,0.25316455696202533
Osmel06,kor3,1-0,Human vs Human (likely),55,3,12,32.654545454545456,0.05454545454545454,0.21818181818181817
Sanchugovo,CactusBeat,0-1,Human vs Human (likely),60,6,15,34.983333333333334,0.1,0.25
SweetLemon108,CoreyT47,1-0,Human vs Human (likely),61,5,21,25.262295081967213,0.08196721311475409,0.3442622950819672
NonsoDan,Voicon_2018,0-1,Human vs Human (likely),72,5,21,25.52777777777778,0.06944444444444445,0.2916666666666667
Vasilyev_Serg,willyagus,0-1,Human vs Human (likely),62,8,20,32.435483870967744,0.12903225806451613,0.3225806451612903
isoc70,Martey7,0-1,Human vs Human (likely),104,16,22,29.83653846153846,0.15384615384615385,0.21153846153846154
ReyNegro64,deniz_ozdeniz1,0-1,Human vs Human (likely),36,1,7,29.555555555555557,0.027777777777777776,0.19444444444444445
khan697,KrisTheStrategist,1-0,Human vs Human (likely),39,0,9,38.61538461538461,0.0,0.23076923076923078
Maruchan2022,MFANASakolimpopobotl,0-1,Human vs Engine (mixed),66,1,16,33.25757575757576,0.015151515151515152,0.24242424242424243
FayEFish,TacticalBot,1/2-1/2,Human vs Engine (mixed),106,3,15,33.43396226415094,0.02830188679245283,0.14150943396226415
GarboBot,Hyperopic,1-0,Human vs Engine (mixed),235,27,26,27.102127659574467,0.1148936170212766,0.11063829787234042
Hyperopic,halcyonbot,0-1,Human vs Engine (mixed),164,13,25,23.98780487804878,0.07926829268292683,0.1524390243902439
Hyperopic,TroutBot,0-1,Human vs Engine (mixed),362,66,26,24.099447513812155,0.18232044198895028,0.0718232044198895
botica60,Istho1110,1-0,Human vs Engine (mixed),77,4,19,31.07792207792208,0.05194805194805195,0.24675324675324675
Fireland_AZE,Buragas23,1-0,Human vs Engine (mixed),57,1,10,33.824561403508774,0.017543859649122806,0.17543859649122806
ElBotitas,wls0281,0-1,Human vs Engine (mixed),68,3,15,28.13235294117647,0.04411764705882353,0.22058823529411764
pooka88,BobotovKuk3600,0-1,Human vs Engine (mixed),102,6,22,23.42156862745098,0.058823529411764705,0.21568627450980393
Lynx_BOT,pawn_git,0-1,Human vs Engine (mixed),140,6,25,30.37142857142857,0.04285714285714286,0.17857142857142858
grayfin,romanfire,0-1,Human vs Engine (mixed),50,5,14,33.82,0.1,0.28
skaw_on_fire,MrTommyShelby,0-1,Human vs Engine (mixed),54,0,17,37.31481481481482,0.0,0.3148148148148148
Vickharry41,ivan_bembot,0-1,Human vs Engine (mixed),44,2,12,30.59090909090909,0.045454545454545456,0.2727272727272727
tbhOnBot,FayEFish,1/2-1/2,Human vs Engine (mixed),125,4,28,24.072,0.032,0.224
jorgesamitier,jabota_ac,1-0,Human vs Engine (mixed),45,1,10,34.71111111111111,0.022222222222222223,0.2222222222222222
jokobot,shubham023,1-0,Human vs Engine (mixed),49,4,12,33.53061224489796,0.08163265306122448,0.24489795918367346
Vernal999,Odinfire2,1-0,Human vs Engine (mixed),105,13,21,26.247619047619047,0.12380952380952381,0.2
Eichkatzerl,mochi_bot,1/2-1/2,Human vs Engine (mixed),247,23,26,19.619433198380566,0.0931174089068826,0.10526315789473684
MAGIC11BOT,Catalyst_Dev,1/2-1/2,Human vs Engine (mixed),163,16,29,22.030674846625768,0.09815950920245399,0.17791411042944785
a8do,killerbot12,1-0,Human vs Engine (mixed),65,3,21,30.123076923076923,0.046153846153846156,0.3230769230769231
Perestroyka,GameEngine,1-0,Human vs Engine (mixed),26,3,9,27.076923076923077,0.11538461538461539,0.34615384615384615
Robot000,AnIshdS,1-0,Human vs Engine (mixed),107,8,24,27.654205607476637,0.07476635514018691,0.22429906542056074
untrained4406,joshsbot,1-0,Human vs Engine (mixed),59,1,8,34.88135593220339,0.01694915254237288,0.13559322033898305
ivan_bembot,Vickharry41,0-1,Human vs Engine (mixed),92,3,22,24.52173913043478,0.03260869565217391,0.2391304347826087
friendOfFire,DanialDanial,0-1,Human vs Engine (mixed),78,3,24,29.076923076923077,0.038461538461538464,0.3076923076923077
DiegoAmado,hydrofiredragon,1-0,Human vs Engine (mixed),29,3,10,28.137931034482758,0.10344827586206896,0.3448275862068966
BerkBot,mautlier,1-0,Human vs Engine (mixed),15,0,0,26.733333333333334,0.0,0.0
Aleco86,Batibot01,0-1,Human vs Engine (mixed),64,1,14,32.515625,0.015625,0.21875
GameEngine,n8k222,0-1,Human vs Engine (mixed),78,6,20,25.346153846153847,0.07692307692307693,0.2564102564102564
kadenbot2300,RonnieSVilla087719,1-0,Human vs Engine (mixed),107,7,25,27.44859813084112,0.06542056074766354,0.2336448598130841
Ferrelinperu,firenze1min,1-0,Human vs Engine (mixed),95,10,21,22.694736842105264,0.10526315789473684,0.22105263157894736
OliThink-5,daniel_chessbot,1-0,Human vs Engine (mixed),145,18,26,24.448275862068964,0.12413793103448276,0.1793103448275862
Terconari,waychess-bot,1/2-1/2,Human vs Engine (mixed),116,9,20,31.06896551724138,0.07758620689655173,0.1724137931034483
P0LYM4R79,dboterog,1-0,Human vs Engine (mixed),75,3,23,30.76,0.04,0.30666666666666664
SomeGoBot,jangine,1-0,Human vs Engine (mixed),137,12,24,28.73722627737226,0.08759124087591241,0.17518248175182483
FayEFish,TacticalBot,1/2-1/2,Human vs Engine (mixed),109,2,27,26.174311926605505,0.01834862385321101,0.24770642201834864
botanicalfanaticism,deadend_username,0-1,Human vs Engine (mixed),34,0,10,33.38235294117647,0.0,0.29411764705882354
robieck,BotanikKASCHMARius,1-0,Human vs Engine (mixed),60,4,17,29.416666666666668,0.06666666666666667,0.2833333333333333
sseh-c,RavenEngine,0-1,Human vs Engine (mixed),126,11,25,27.103174603174605,0.0873015873015873,0.1984126984126984
Pat9471,SleepMindEngine,1-0,Human vs Engine (mixed),119,11,25,28.327731092436974,0.09243697478991597,0.21008403361344538
UnRestrictedFire,houari3131,0-1,Human vs Engine (mixed),80,4,19,32.7,0.05,0.2375
halcyonbot,Meltd0wn,0-1,Human vs Engine (mixed),106,16,25,24.952830188679247,0.1509433962264151,0.2358490566037736
bluch,miguelaperezbottaro,1-0,Human vs Engine (mixed),49,1,8,32.38775510204081,0.02040816326530612,0.16326530612244897
Ehab_Mohammed,robotkarel,1-0,Human vs Engine (mixed),95,4,22,30.431578947368422,0.042105263157894736,0.23157894736842105
Alived100,botanicalfanaticism,1-0,Human vs Engine (mixed),61,3,13,33.67213114754098,0.04918032786885246,0.21311475409836064
Zimbot,Resjan,0-1,Human vs Engine (mixed),62,2,18,32.16129032258065,0.03225806451612903,0.2903225806451613
simbelmyne-bot,Nakshatra3,1-0,Human vs Engine (mixed),97,19,26,26.88659793814433,0.1958762886597938,0.26804123711340205
whychess-bot,untrained4406,1-0,Human vs Engine (mixed),105,13,22,28.419047619047618,0.12380952380952381,0.20952380952380953
MFANASakolimpopobotl,Essedelendam,0-1,Human vs Engine (mixed),96,9,18,33.354166666666664,0.09375,0.1875
superengine,Thl200,1/2-1/2,Human vs Engine (mixed),139,13,26,27.035971223021583,0.09352517985611511,0.18705035971223022
PrinceOfYemen,Fireland_AZE,1/2-1/2,Human vs Engine (mixed),162,6,27,26.308641975308642,0.037037037037037035,0.16666666666666666
Robot000,bernardoviciadin,1-0,Human vs Engine (mixed),41,1,11,35.146341463414636,0.024390243902439025,0.2682926829268293
GameEngine,notjamesrandi,1-0,Human vs Engine (mixed),31,3,8,30.70967741935484,0.0967741935483871,0.25806451612903225
tbhOnBot,FayEFish,1/2-1/2,Human vs Engine (mixed),154,0,2,34.64935064935065,0.0,0.012987012987012988
BobotovKuk3600,pooka88,1-0,Human vs Engine (mixed),81,6,23,24.97530864197531,0.07407407407407407,0.2839506172839506
bot_adario,Weiawaga,1/2-1/2,Human vs Engine (mixed),82,2,11,37.41463414634146,0.024390243902439025,0.13414634146341464
bentorangemango,TheUnforgivingBot,0-1,Human vs Engine (mixed),46,2,10,35.93478260869565,0.043478260869565216,0.21739130434782608
botkinaleksandr,K_IQ,0-1,Human vs Engine (mixed),30,4,10,31.433333333333334,0.13333333333333333,0.3333333333333333
Lirachess,Inbotnito,1-0,Human vs Engine (mixed),77,4,23,29.506493506493506,0.05194805194805195,0.2987012987012987
matthewzepf,Robot000,0-1,Human vs Engine (mixed),48,1,10,35.8125,0.020833333333333332,0.20833333333333334
stockfish00002,SuperVegeta64,1-0,Human vs Engine (mixed),35,2,8,31.34285714285714,0.05714285714285714,0.22857142857142856
Ben_Boter999,Zalme,0-1,Human vs Engine (mixed),14,0,2,31.428571428571427,0.0,0.14285714285714285
Zexarium,botanicalfanaticism,0-1,Human vs Engine (mixed),76,3,16,34.80263157894737,0.039473684210526314,0.21052631578947367
Moyser,GameEngine,1-0,Human vs Engine (mixed),83,2,21,25.55421686746988,0.024096385542168676,0.25301204819277107
Catalyst_Dev,colinbot,1-0,Human vs Engine (mixed),55,4,17,36.836363636363636,0.07272727272727272,0.3090909090909091
Robot000,Oraculodeldia01,1-0,Human vs Engine (mixed),97,9,23,27.701030927835053,0.09278350515463918,0.23711340206185566
Istho1110,botica60,1-0,Human vs Engine (mixed),35,2,10,36.25714285714286,0.05714285714285714,0.2857142857142857
ogose4,firestar_t,1-0,Human vs Engine (mixed),15,3,5,26.066666666666666,0.2,0.3333333333333333
PeritusNauta,Botas85,0-1,Human vs Engine (mixed),58,0,13,37.96551724137931,0.0,0.22413793103448276
kion10,tbotgamez,0-1,Human vs Engine (mixed),32,1,9,28.4375,0.03125,0.28125
JackPot5,skaw_on_fire,1-0,Human vs Engine (mixed),77,4,21,28.506493506493506,0.05194805194805195,0.2727272727272727
Omraaum,Batibot01,1-0,Human vs Engine (mixed),77,7,25,26.2987012987013,0.09090909090909091,0.3246753246753247
firestar_t,sdm72,0-1,Human vs Engine (mixed),58,6,21,30.603448275862068,0.10344827586206896,0.3620689655172414
Ben_Boter999,Augusto56,1-0,Human vs Engine (mixed),39,0,6,36.84615384615385,0.0,0.15384615384615385
VEER-OMEGA-BOT,Alexandrya,1/2-1/2,Human vs Engine (mixed),86,1,17,36.27906976744186,0.011627906976744186,0.19767441860465115
CaliforniaCastle,Robotelias,1-0,Human vs Engine (mixed),61,3,16,32.34426229508197,0.04918032786885246,0.26229508196721313
Botas85,PluckerRawZ-PakLater,0-1,Human vs Engine (mixed),58,1,12,35.10344827586207,0.017241379310344827,0.20689655172413793
botanicalfanaticism,Ehaab_ramadan,0-1,Human vs Engine (mixed),76,2,17,33.86842105263158,0.02631578947368421,0.2236842105263158
BobotovKuk3600,Keso_4,1-0,Human vs Engine (mixed),65,2,22,27.23076923076923,0.03076923076923077,0.3384615384615385
makalobo,HowIwonStockfish,1-0,Human vs Engine (mixed),39,1,11,34.46153846153846,0.02564102564102564,0.28205128205128205
MaggiChess16,BOT-Feline,1/2-1/2,Human vs Engine (mixed),70,3,16,28.985714285714284,0.04285714285714286,0.22857142857142856
Mohamed_Ali_214,dboterog,0-1,Human vs Engine (mixed),92,1,21,35.04347826086956,0.010869565217391304,0.22826086956521738
Galimaka2134,GameEngine,1-0,Human vs Engine (mixed),43,0,10,38.0,0.0,0.23255813953488372
R4tibron_3,kadenbot2300,0-1,Human vs Engine (mixed),52,0,6,37.30769230769231,0.0,0.11538461538461539
TheUnforgivingBot,GlueWinner,1-0,Human vs Engine (mixed),183,22,25,29.065573770491802,0.12021857923497267,0.1366120218579235
AstronautRoyFleming,jokobot,1-0,Human vs Engine (mixed),47,0,12,35.06382978723404,0.0,0.2553191489361702
FayEFish,TacticalBot,1/2-1/2,Human vs Engine (mixed),141,27,21,26.29787234042553,0.19148936170212766,0.14893617021276595
alvaroaasj,Jcalc05,1-0,Human vs Engine (mixed),103,6,24,26.514563106796118,0.05825242718446602,0.23300970873786409
ChessNoobComp,WolfuhfuhBot,1-0,Human vs Engine (mixed),179,8,27,23.407821229050278,0.0446927374301676,0.15083798882681565
untrained4406,schnecken_bot,0-1,Human vs Engine (mixed),112,15,22,29.767857142857142,0.13392857142857142,0.19642857142857142
schnecken_bot,mautlier,1-0,Human vs Engine (mixed),39,0,6,34.717948717948715,0.0,0.15384615384615385
Ernesto456,stockfish00002,0-1,Human vs Engine (mixed),34,0,8,37.26470588235294,0.0,0.23529411764705882
AlistairMH,UnRestrictedFire,0-1,Human vs Engine (mixed),59,1,14,34.94915254237288,0.01694915254237288,0.23728813559322035
DimitriX0012,friendOfFire,1-0,Human vs Engine (mixed),65,1,21,29.49230769230769,0.015384615384615385,0.3230769230769231
botanicalfanaticism,Ehaab_ramadan,1-0,Human vs Engine (mixed),85,6,18,34.188235294117646,0.07058823529411765,0.21176470588235294
Cheszter,BOT-Feline,1/2-1/2,Human vs Engine (mixed),81,2,22,30.901234567901234,0.024691358024691357,0.2716049382716049
notadumbrobot,Yoslensmith,0-1,Human vs Engine (mixed),50,0,9,38.72,0.0,0.18
sodeatharethere,ElBotitas,0-1,Human vs Engine (mixed),96,4,20,27.260416666666668,0.041666666666666664,0.20833333333333334
HowIwonStockfish,makalobo,1-0,Human vs Engine (mixed),45,1,13,39.53333333333333,0.022222222222222223,0.28888888888888886
DavidsGuterBot,R0bspierre,1/2-1/2,Human vs Engine (mixed),64,3,10,32.6875,0.046875,0.15625
GameEngine,BradleyWeaver,1-0,Human vs Engine (mixed),79,7,21,25.734177215189874,0.08860759493670886,0.26582278481012656
AlveBot,Meltd0wn,1-0,Human vs Engine (mixed),111,4,16,35.16216216216216,0.036036036036036036,0.14414414414414414
NexaStrat,BerkBot,1/2-1/2,Human vs Engine (mixed),118,11,25,22.78813559322034,0.09322033898305085,0.211864406779661
tbhOnBot,RaspFish,1/2-1/2,Human vs Engine (mixed),85,8,16,31.941176470588236,0.09411764705882353,0.18823529411764706
TaxiPixi,Boterotero,0-1,Human vs Engine (mixed),52,2,10,30.23076923076923,0.038461538461538464,0.19230769230769232
Fireland_AZE,PrinceOfYemen,0-1,Human vs Engine (mixed),174,19,29,20.097701149425287,0.10919540229885058,0.16666666666666666
tbotgamez,SAMS-ORG,0-1,Human vs Engine (mixed),92,5,27,21.73913043478261,0.05434782608695652,0.29347826086956524
MFANASakolimpopobotl,Chikha,0-1,Human vs Engine (mixed),56,1,13,32.642857142857146,0.017857142857142856,0.23214285714285715
JGDG,firestar_t,1-0,Human vs Engine (mixed),97,15,22,28.97938144329897,0.15463917525773196,0.2268041237113402
botica60,Istho1110,0-1,Human vs Engine (mixed),66,0,10,32.56060606060606,0.0,0.15151515151515152
gussimon,comebebotes,1/2-1/2,Human vs Engine (mixed),230,22,28,19.708695652173912,0.09565217391304348,0.12173913043478261
Bottu,Yehiaphar,1-0,Human vs Engine (mixed),71,2,18,30.788732394366196,0.028169014084507043,0.2535211267605634
Hyperopic,likeawizard-bot,1-0,Human vs Engine (mixed),173,18,29,23.15606936416185,0.10404624277456648,0.1676300578034682
Firelink120,chssfun,1-0,Human vs Engine (mixed),47,3,11,31.170212765957448,0.06382978723404255,0.23404255319148937
schnecken_bot,mautlier,1-0,Human vs Engine (mixed),13,0,0,27.0,0.0,0.0
Archie54,tropicalrobot,0-1,Human vs Engine (mixed),70,3,21,34.68571428571428,0.04285714285714286,0.3
GameEngine,gleboslav,0-1,Human vs Engine (mixed),50,4,19,32.54,0.08,0.38
PARTNER3615DIAGO,Laurentos_bot,1/2-1/2,Human vs Engine (mixed),103,8,25,25.25242718446602,0.07766990291262135,0.24271844660194175
tbhOnBot,FayEFish,1/2-1/2,Human vs Engine (mixed),61,0,2,34.032786885245905,0.0,0.03278688524590164
robotkarel,Hacker989,0-1,Human vs Engine (mixed),62,0,16,37.33870967741935,0.0,0.25806451612903225
UnRestrictedFire,Nervachess,0-1,Human vs Engine (mixed),66,4,18,31.28787878787879,0.06060606060606061,0.2727272727272727
romanfire,JinMaxwell16,0-1,Human vs Engine (mixed),74,3,16,35.472972972972975,0.04054054054054054,0.21621621621621623
miguelaperezbottaro,luizvitorsilva,0-1,Human vs Engine (mixed),92,21,16,24.33695652173913,0.22826086956521738,0.17391304347826086
colinbot,Catalyst_Dev,1/2-1/2,Human vs Engine (mixed),51,0,8,34.705882352941174,0.0,0.1568627450980392
schnecken_bot,mautlier,1-0,Human vs Engine (mixed),11,0,2,25.545454545454547,0.0,0.18181818181818182
tonyrafik3,botanicalfanaticism,0-1,Human vs Engine (mixed),62,1,17,35.04838709677419,0.016129032258064516,0.27419354838709675
Eichkatzerl,simbelmyne-bot,0-1,Human vs Engine (mixed),114,8,24,23.596491228070175,0.07017543859649122,0.21052631578947367
StockfishSandwich2,terryfly,1-0,Human vs Engine (mixed),61,3,18,32.0655737704918,0.04918032786885246,0.29508196721311475
Moment-That-Inspires,TheUnforgivingBot,1-0,Human vs Engine (mixed),143,15,26,26.692307692307693,0.1048951048951049,0.18181818181818182
bluefire8,Totoy2008,1-0,Human vs Engine (mixed),71,4,19,31.35211267605634,0.056338028169014086,0.2676056338028169
ding19980,Fire_exe432,0-1,Human vs Engine (mixed),76,11,15,28.105263157894736,0.14473684210526316,0.19736842105263158
Lekomtsev_Dmitryi,Dawnfire757,1-0,Human vs Engine (mixed),87,12,19,27.42528735632184,0.13793103448275862,0.21839080459770116
FayEFish,TacticalBot,1/2-1/2,Human vs Engine (mixed),75,8,16,24.30666666666667,0.10666666666666667,0.21333333333333335
gleboslav,GameEngine,0-1,Human vs Engine (mixed),42,5,12,33.095238095238095,0.11904761904761904,0.2857142857142857
Didimekro,HowIwonStockfish,1/2-1/2,Human vs Engine (mixed),182,12,18,25.725274725274726,0.06593406593406594,0.0989010989010989
superengine,ajed1_chess,1-0,Human vs Engine (mixed),95,6,17,26.905263157894737,0.06315789473684211,0.17894736842105263
flyas88,luisjoFIRE,0-1,Human vs Engine (mixed),40,2,7,29.075,0.05,0.175
JulioGarti,mrrobote,1-0,Human vs Engine (mixed),77,3,16,33.61038961038961,0.03896103896103896,0.2077922077922078
dboterog,Tetraspective,0-1,Human vs Engine (mixed),58,4,17,29.43103448275862,0.06896551724137931,0.29310344827586204
PeachFruit,RavenEngine,1/2-1/2,Human vs Engine (mixed),144,23,21,27.95138888888889,0.1597222222222222,0.14583333333333334
awsy2013hellfire,StefanMichel,0-1,Human vs Engine (mixed),34,1,8,32.029411764705884,0.029411764705882353,0.23529411764705882
vpc162,ivan_bembot,1-0,Human vs Engine (mixed),46,1,16,31.304347826086957,0.021739130434782608,0.34782608695652173
Boterotero,blundermorty,1-0,Human vs Engine (mixed),99,4,19,34.323232323232325,0.04040404040404041,0.1919191919191919
GameEngine,gleboslav,1-0,Human vs Engine (mixed),55,3,14,32.27272727272727,0.05454545454545454,0.2545454545454545
craftycurate,interman,1-0,Human vs Engine (mixed),57,0,9,36.87719298245614,0.0,0.15789473684210525
BOT-Feline,InvinxibleFlxsh,1/2-1/2,Human vs Engine (mixed),80,2,22,34.5625,0.025,0.275
DrunkandStupid,stockfish00002,0-1,Human vs Engine (mixed),76,4,22,30.723684210526315,0.05263157894736842,0.2894736842105263
tbhOnBot,FayEFish,1-0,Human vs Engine (mixed),47,0,2,33.40425531914894,0.0,0.0425531914893617
SomePythonBot,OmbleCavalierPP,0-1,Human vs Engine (mixed),84,6,24,33.154761904761905,0.07142857142857142,0.2857142857142857
ELHAMIDI,boti,0-1,Human vs Engine (mixed),116,11,23,25.70689655172414,0.09482758620689655,0.19827586206896552
EKSTASII,Ben_Boter999,0-1,Human vs Engine (mixed),76,1,15,33.5,0.013157894736842105,0.19736842105263158
jokobot,victorsanchez1977,0-1,Human vs Engine (mixed),34,2,11,29.91176470588235,0.058823529411764705,0.3235294117647059
VIVEROS007,GameEngine,1-0,Human vs Engine (mixed),49,2,14,32.44897959183673,0.04081632653061224,0.2857142857142857
Nakshatra3,Goldfish-Engine,1/2-1/2,Human vs Engine (mixed),176,10,29,27.835227272727273,0.056818181818181816,0.16477272727272727
schnecken_bot,sseh-c,0-1,Human vs Engine (mixed),106,17,22,26.566037735849058,0.16037735849056603,0.20754716981132076
merichardson9arbor,Fire_exe432,0-1,Human vs Engine (mixed),82,10,20,22.5,0.12195121951219512,0.24390243902439024
francklin_m_bildo,HolyGhostFire,0-1,Human vs Engine (mixed),92,7,28,27.152173913043477,0.07608695652173914,0.30434782608695654
badwobot,stars_lab972,1-0,Human vs Engine (mixed),39,0,7,34.07692307692308,0.0,0.1794871794871795
The_Boa_Constrictor,Fireland_AZE,1-0,Human vs Engine (mixed),142,10,26,26.323943661971832,0.07042253521126761,0.18309859154929578
thifirel,UCanRemember10,0-1,Human vs Engine (mixed),64,0,19,27.046875,0.0,0.296875
FayEFish,TacticalBot,0-1,Human vs Engine (mixed),0,0,0,0.0,0.0,0.0
Horacioxneto,awsy2013hellfire,1-0,Human vs Engine (mixed),21,0,5,34.80952380952381,0.0,0.23809523809523808
bottery,Jodajoda,1/2-1/2,Human vs Engine (mixed),76,9,19,24.94736842105263,0.11842105263157894,0.25
NexaStrat,Laurentos_bot,0-1,Human vs Engine (mixed),76,6,14,33.98684210526316,0.07894736842105263,0.18421052631578946
UnRestrictedFire,Chakarov,1-0,Human vs Engine (mixed),63,2,14,38.523809523809526,0.031746031746031744,0.2222222222222222
ivan_bembot,aryng_hi,0-1,Human vs Engine (mixed),60,0,15,31.15,0.0,0.25
ivan_bembot,Augustogp,1-0,Human vs Engine (mixed),7,0,1,27.142857142857142,0.0,0.14285714285714285
Odinfire2,Tarq6167,1-0,Human vs Engine (mixed),43,1,10,35.06976744186046,0.023255813953488372,0.23255813953488372
awsy2013hellfire,GreenAwakening,1-0,Human vs Engine (mixed),65,3,17,32.58461538461538,0.046153846153846156,0.26153846153846155
Istho1110,botica60,1-0,Human vs Engine (mixed),83,6,18,25.951807228915662,0.07228915662650602,0.21686746987951808
dboterog,stphn7,1-0,Human vs Engine (mixed),55,5,13,31.2,0.09090909090909091,0.23636363636363636
Ayoub056,GameEngine,0-1,Human vs Engine (mixed),17,1,7,30.705882352941178,0.058823529411764705,0.4117647058823529
DalsimJungle,firestar_t,0-1,Human vs Engine (mixed),76,8,22,25.263157894736842,0.10526315789473684,0.2894736842105263
Moberr,craftycurate,0-1,Human vs Engine (mixed),40,1,9,36.675,0.025,0.225
tbhOnBot,Pat9471,1-0,Human vs Engine (mixed),261,33,29,24.877394636015325,0.12643678160919541,0.1111111111111111
shaunrichmusic,badwobot,1-0,Human vs Engine (mixed),91,6,19,33.505494505494504,0.06593406593406594,0.2087912087912088
luisjoFIRE,Longshank11,1-0,Human vs Engine (mixed),61,2,14,35.049180327868854,0.03278688524590164,0.22950819672131148
Bottu,pako100,0-1,Human vs Engine (mixed),68,1,12,30.691176470588236,0.014705882352941176,0.17647058823529413
holdencaulifield1945,GameEngine,0-1,Human vs Engine (mixed),76,7,21,28.32894736842105,0.09210526315789473,0.27631578947368424
robotkarel,Belissimo,1-0,Human vs Engine (mixed),40,2,12,36.275,0.05,0.3
botovsk,gnarnarg,1-0,Human vs Engine (mixed),25,2,4,28.6,0.08,0.16
CoachG,Ferufire,0-1,Human vs Engine (mixed),110,14,19,25.954545454545453,0.12727272727272726,0.17272727272727273
JorgeAndresBotero,rohanvichare,1-0,Human vs Engine (mixed),58,8,17,31.32758620689655,0.13793103448275862,0.29310344827586204
kahloo512,awsy2013hellfire,0-1,Human vs Engine (mixed),58,5,16,30.982758620689655,0.08620689655172414,0.27586206896551724
botanicalfanaticism,Chessislove123,1/2-1/2,Human vs Engine (mixed),107,2,29,25.476635514018692,0.018691588785046728,0.27102803738317754
Strongholder,jokobot,1-0,Human vs Engine (mixed),33,0,9,32.303030303030305,0.0,0.2727272727272727
ivan_bembot,ajbabdelal,1-0,Human vs Engine (mixed),55,1,15,36.09090909090909,0.01818181818181818,0.2727272727272727
gaberaa,kobotis,1-0,Human vs Engine (mixed),67,3,16,33.507462686567166,0.04477611940298507,0.23880597014925373
sargon-2ply,Laurentos_bot,0-1,Human vs Engine (mixed),46,1,14,35.80434782608695,0.021739130434782608,0.30434782608695654
PZChessBot,pawn_git,1/2-1/2,Human vs Engine (mixed),247,31,21,22.42914979757085,0.12550607287449392,0.08502024291497975
Dawnfire757,FimoScorp,0-1,Human vs Engine (mixed),92,9,18,32.53260869565217,0.09782608695652174,0.1956521739130435
almaznv_2BOT,torotosiames,0-1,Human vs Engine (mixed),0,0,0,0.0,0.0,0.0
ajed1_chess,superengine,1-0,Human vs Engine (mixed),17,0,4,28.705882352941178,0.0,0.23529411764705882
HolyGhostFire,AlinoPatco,0-1,Human vs Engine (mixed),20,0,2,28.35,0.0,0.1
GameEngine,mozdayi,1-0,Human vs Engine (mixed),33,7,7,31.272727272727273,0.21212121212121213,0.21212121212121213
Fire_exe432,jeem2173,1-0,Human vs Engine (mixed),79,2,20,35.53164556962025,0.02531645569620253,0.25316455696202533
Fireland_AZE,The_Boa_Constrictor,0-1,Human vs Engine (mixed),68,5,17,32.05882352941177,0.07352941176470588,0.25
AlinoPatco,HolyGhostFire,1-0,Human vs Engine (mixed),27,0,2,30.51851851851852,0.0,0.07407407407407407
mautlier,schnecken_bot,1-0,Human vs Engine (mixed),45,3,17,33.51111111111111,0.06666666666666667,0.37777777777777777
HolyGhostFire,AlinoPatco,0-1,Human vs Engine (mixed),92,5,15,28.57608695652174,0.05434782608695652,0.16304347826086957
fire_de,AlucardCobain,0-1,Human vs Engine (mixed),21,1,6,35.714285714285715,0.047619047619047616,0.2857142857142857
torotosiames,KarimBOT,1-0,Human vs Engine (mixed),1,0,0,20.0,0.0,0.0
Demolito_L6,rudim-bot,1-0,Human vs Engine (mixed),127,21,26,24.480314960629922,0.16535433070866143,0.2047244094488189
simpleEval,SomeGoBot,1-0,Human vs Engine (mixed),111,6,17,33.072072072072075,0.05405405405405406,0.15315315315315314
Robotelias,DenisAdrianov,0-1,Human vs Engine (mixed),62,1,19,36.193548387096776,0.016129032258064516,0.3064516129032258
jimbothigpen,Menadas,1-0,Human vs Engine (mixed),69,3,23,29.565217391304348,0.043478260869565216,0.3333333333333333
tomahawkBOT,strain-on-veins,0-1,Human vs Engine (mixed),94,4,22,30.46808510638298,0.0425531914893617,0.23404255319148937
Meltd0wn,WolfuhfuhBot,1-0,Human vs Engine (mixed),59,2,20,36.83050847457627,0.03389830508474576,0.3389830508474576
AlexandrSai,UnRestrictedFire,1-0,Human vs Engine (mixed),131,23,21,26.34351145038168,0.17557251908396945,0.16030534351145037
Chessislove123,botanicalfanaticism,1-0,Human vs Engine (mixed),39,0,7,36.87179487179487,0.0,0.1794871794871795
jkywong,ivan_bembot,0-1,Human vs Engine (mixed),62,5,18,30.161290322580644,0.08064516129032258,0.2903225806451613
sergio012,Odinfire2,1-0,Human vs Engine (mixed),119,15,27,23.638655462184875,0.12605042016806722,0.226890756302521
superengine,ajed1_chess,0-1,Human vs Engine (mixed),36,1,11,28.916666666666668,0.027777777777777776,0.3055555555555556
ChannChonNegro,Robot000,1-0,Human vs Engine (mixed),95,6,23,27.11578947368421,0.06315789473684211,0.24210526315789474
PatriciaBot,ArasanX,0-1,Human vs Engine (mixed),130,7,25,27.1,0.05384615384615385,0.19230769230769232
Jack-Soo,Lynx_BOT,0-1,Human vs Engine (mixed),46,5,13,32.608695652173914,0.10869565217391304,0.2826086956521739
Dragonvolador,HowIwonStockfish,1-0,Human vs Engine (mixed),115,8,21,32.97391304347826,0.06956521739130435,0.1826086956521739
cbishop,BBENBOT,1-0,Human vs Engine (mixed),43,1,12,30.6046511627907,0.023255813953488372,0.27906976744186046
miguelaperezbottaro,imanttttt,0-1,Human vs Engine (mixed),58,1,17,32.13793103448276,0.017241379310344827,0.29310344827586204
Secretismo,fire_de,0-1,Human vs Engine (mixed),50,4,16,27.88,0.08,0.32
Andremerengues01,GameEngine,0-1,Human vs Engine (mixed),14,1,1,27.571428571428573,0.07142857142857142,0.07142857142857142
Lynx_BOT,Jack-Soo,1-0,Human vs Engine (mixed),33,0,11,31.515151515151516,0.0,0.3333333333333333
OmbleCavalierPP,mochi_bot,1-0,Human vs Engine (mixed),61,4,14,36.16393442622951,0.06557377049180328,0.22950819672131148
botanicalfanaticism,Evgeny_Sudakov,1-0,Human vs Engine (mixed),59,2,16,33.11864406779661,0.03389830508474576,0.2711864406779661
stockfish00002,Libra_2541,1-0,Human vs Engine (mixed),53,2,15,34.41509433962264,0.03773584905660377,0.2830188679245283
BerkBot,NexaStrat,1-0,Human vs Engine (mixed),81,8,24,23.62962962962963,0.09876543209876543,0.2962962962962963
RavenEngine,OliThink-5,0-1,Human vs Engine (mixed),146,13,27,26.643835616438356,0.08904109589041095,0.18493150684931506
AlinoPatco,HolyGhostFire,1-0,Human vs Engine (mixed),62,5,10,27.048387096774192,0.08064516129032258,0.16129032258064516
adarshMe,ElBotitas,0-1,Human vs Engine (mixed),78,6,12,30.28205128205128,0.07692307692307693,0.15384615384615385
jokobot,DrThokumis,0-1,Human vs Engine (mixed),56,3,12,32.589285714285715,0.05357142857142857,0.21428571428571427
Omulb,FutureBot,0-1,Human vs Engine (mixed),32,0,8,36.8125,0.0,0.25
KnightFallBot,GNUPassant,1-0,Human vs Engine (mixed),77,7,19,34.45454545454545,0.09090909090909091,0.24675324675324675
Jack-Soo,Lynx_BOT,0-1,Human vs Engine (mixed),32,0,5,34.875,0.0,0.15625
awsy2013hellfire,Rocki95,1-0,Human vs Engine (mixed),53,3,10,31.056603773584907,0.05660377358490566,0.18867924528301888
comebebotes,checkyoself22,1-0,Human vs Engine (mixed),55,3,14,34.472727272727276,0.05454545454545454,0.2545454545454545
obfuscator7,robotkarel,1-0,Human vs Engine (mixed),77,10,23,25.07792207792208,0.12987012987012986,0.2987012987012987
ivan_bembot,Mehrfar19,1-0,Human vs Engine (mixed),69,4,17,30.753623188405797,0.057971014492753624,0.2463768115942029
InuraWolf,GameEngine,0-1,Human vs Engine (mixed),58,2,22,28.517241379310345,0.034482758620689655,0.3793103448275862
Larrycot,superengine,0-1,Human vs Engine (mixed),128,8,25,22.125,0.0625,0.1953125
rakmane_76,StockfishSandwich2,1-0,Human vs Engine (mixed),79,8,18,33.40506329113924,0.10126582278481013,0.22784810126582278
schnecken_bot,mautlier,0-1,Human vs Engine (mixed),68,9,18,27.88235294117647,0.1323529411764706,0.2647058823529412
MVZ_11,Fire_exe432,1-0,Human vs Engine (mixed),81,4,20,29.08641975308642,0.04938271604938271,0.24691358024691357
Caio_Machovsky,awsy2013hellfire,0-1,Human vs Engine (mixed),48,1,12,36.270833333333336,0.020833333333333332,0.25
CoachedByABot,riomwp,0-1,Human vs Engine (mixed),58,4,16,34.96551724137931,0.06896551724137931,0.27586206896551724
GameEngine,hawater1,1-0,Human vs Engine (mixed),23,0,3,35.34782608695652,0.0,0.13043478260869565
untrained4406,joshsbot,1-0,Human vs Engine (mixed),75,8,20,33.986666666666665,0.10666666666666667,0.26666666666666666
Ferufire,Frfshawy,0-1,Human vs Engine (mixed),30,2,9,35.7,0.06666666666666667,0.3
botica60,Istho1110,0-1,Human vs Engine (mixed),128,1,29,27.0,0.0078125,0.2265625
likeawizard-bot,Boosted_Maia_1900,0-1,Human vs Engine (mixed),122,15,25,28.729508196721312,0.12295081967213115,0.20491803278688525
OmbleCavalierPP,AconcaguaBot,1-0,Human vs Engine (mixed),99,17,20,31.141414141414142,0.1717171717171717,0.20202020202020202
Lynx_BOT,GNUPassant,1-0,Human vs Engine (mixed),113,6,24,30.654867256637168,0.05309734513274336,0.21238938053097345
Bennett222,ivan_bembot,1-0,Human vs Engine (mixed),69,6,15,32.289855072463766,0.08695652173913043,0.21739130434782608
dmitryuchkin,GameEngine,1-0,Human vs Engine (mixed),63,2,9,29.6984126984127,0.031746031746031744,0.14285714285714285
buzzerbot3,KenyattaLeeBettis,1-0,Human vs Engine (mixed),54,2,12,34.94444444444444,0.037037037037037035,0.2222222222222222
Osama4188,UnRestrictedFire,0-1,Human vs Engine (mixed),100,3,28,31.4,0.03,0.28
osoaudaz,awsy2013hellfire,0-1,Human vs Engine (mixed),110,11,28,23.354545454545455,0.1,0.2545454545454545
nitsugan,Bots85,0-1,Human vs Engine (mixed),58,0,14,34.01724137931034,0.0,0.2413793103448276
Lorbascon,Ferufire,1-0,Human vs Engine (mixed),57,0,9,36.24561403508772,0.0,0.15789473684210525
Fireland_AZE,Tinocapo,0-1,Human vs Engine (mixed),104,5,21,31.91346153846154,0.04807692307692308,0.20192307692307693
olgu22,Firezone,1-0,Human vs Engine (mixed),49,1,9,37.0,0.02040816326530612,0.1836734693877551
Slickbulbul,Boterotero,1-0,Human vs Engine (mixed),36,4,10,28.63888888888889,0.1111111111111111,0.2777777777777778
robotkarel,chessmissus,1-0,Human vs Engine (mixed),29,0,9,34.10344827586207,0.0,0.3103448275862069
nadistarchess,Fire_exe432,0-1,Human vs Engine (mixed),70,14,19,30.87142857142857,0.2,0.2714285714285714
La_gota,GameEngine,0-1,Human vs Engine (mixed),48,1,15,34.375,0.020833333333333332,0.3125
ivan_bembot,Trufaux,0-1,Human vs Engine (mixed),68,6,22,28.852941176470587,0.08823529411764706,0.3235294117647059
mautlier,mochi_bot,0-1,Human vs Engine (mixed),14,1,3,27.928571428571427,0.07142857142857142,0.21428571428571427
FinnMac,thifirel,1-0,Human vs Engine (mixed),55,1,17,31.381818181818183,0.01818181818181818,0.3090909090909091
Jodajoda,bottery,0-1,Human vs Engine (mixed),52,0,15,31.73076923076923,0.0,0.28846153846153844
luisjoFIRE,oos_mammad,1-0,Human vs Engine (mixed),181,13,29,19.795580110497237,0.0718232044198895,0.16022099447513813
boti,ELHAMIDI,0-1,Human vs Engine (mixed),76,6,17,36.46052631578947,0.07894736842105263,0.2236842105263158
kadenbot2300,actonchess,1-0,Human vs Engine (mixed),75,3,21,26.36,0.04,0.28
awsy2013hellfire,Alfred345690,0-1,Human vs Engine (mixed),82,2,25,21.902439024390244,0.024390243902439025,0.3048780487804878
robotkarel,stirnermax,0-1,Human vs Engine (mixed),66,3,14,34.86363636363637,0.045454545454545456,0.21212121212121213
mrrobote,arkonsr,0-1,Human vs Engine (mixed),46,3,15,33.0,0.06521739130434782,0.32608695652173914
Layvender,BiIboTeaBaggins,0-1,Human vs Engine (mixed),66,2,16,31.53030303030303,0.030303030303030304,0.24242424242424243
OliThink-5,daniel_chessbot,0-1,Human vs Engine (mixed),160,12,28,22.56875,0.075,0.175
GameEngine,Oswaldoe,1-0,Human vs Engine (mixed),93,13,22,20.333333333333332,0.13978494623655913,0.23655913978494625
strain-on-veins,tomahawkBOT,1-0,Human vs Engine (mixed),159,21,29,25.729559748427672,0.1320754716981132,0.18238993710691823
BOT-Feline,Alexandrya,1/2-1/2,Human vs Engine (mixed),110,5,21,33.90909090909091,0.045454545454545456,0.19090909090909092
chafi8dc,bobotafour,1-0,Human vs Engine (mixed),33,0,8,30.21212121212121,0.0,0.24242424242424243
GNUPassant,m8-bot,1-0,Human vs Engine (mixed),107,8,22,25.738317757009344,0.07476635514018691,0.205607476635514
awsy2013hellfire,DespertandoalAjedrez,1-0,Human vs Engine (mixed),77,3,13,30.961038961038962,0.03896103896103896,0.16883116883116883
Boosted_Maia_1700,gekkammi-bot,0-1,Human vs Engine (mixed),74,6,18,31.08108108108108,0.08108108108108109,0.24324324324324326
edison_le,BobotovKuk3600,0-1,Human vs Engine (mixed),83,5,24,29.819277108433734,0.060240963855421686,0.2891566265060241
Bottlenthsmoke,Kaspar0ck,0-1,Human vs Engine (mixed),72,9,18,32.97222222222222,0.125,0.25
UCanRemember10,thifirel,1-0,Human vs Engine (mixed),39,3,14,31.897435897435898,0.07692307692307693,0.358974358974359
GarboBot,Oxide9,1-0,Human vs Engine (mixed),225,10,24,24.724444444444444,0.044444444444444446,0.10666666666666667
UnRestrictedFire,profAchamizo,0-1,Human vs Engine (mixed),82,5,16,29.451219512195124,0.06097560975609756,0.1951219512195122
HowIwonStockfish,rudygoatbert,1-0,Human vs Engine (mixed),55,4,15,33.81818181818182,0.07272727272727272,0.2727272727272727
MrGeralt,jimbothigpen,1-0,Human vs Engine (mixed),91,2,24,26.208791208791208,0.02197802197802198,0.26373626373626374
Romanoz2046,fireboyelna,0-1,Human vs Engine (mixed),54,3,13,33.370370370370374,0.05555555555555555,0.24074074074074073
thifirel,MrmisterMr116,0-1,Human vs Engine (mixed),62,2,19,35.03225806451613,0.03225806451612903,0.3064516129032258
Cantika11,GameEngine,0-1,Human vs Engine (mixed),78,3,24,27.28205128205128,0.038461538461538464,0.3076923076923077
Boterotero,mithalesh2025,1-0,Human vs Engine (mixed),61,3,18,34.540983606557376,0.04918032786885246,0.29508196721311475
Fire_exe432,zaiyu,1-0,Human vs Engine (mixed),25,2,7,31.2,0.08,0.28
BerkBot,NexaStrat,1-0,Human vs Engine (mixed),81,8,24,23.62962962962963,0.09876543209876543,0.2962962962962963
Hani1963,Ben_Boter999,0-1,Human vs Engine (mixed),52,0,14,34.36538461538461,0.0,0.2692307692307692
vladusik2014,ChessEngineer97,1-0,Human vs Engine (mixed),145,14,25,30.6,0.09655172413793103,0.1724137931034483
Firezone,Edgaroso123,0-1,Human vs Engine (mixed),60,4,19,30.283333333333335,0.06666666666666667,0.31666666666666665
PZChessBot,SupraNova_V11,1/2-1/2,Human vs Engine (mixed),139,12,29,21.107913669064747,0.08633093525179857,0.20863309352517986
